INSERT INTO `events`(`id`, `name`, `opened_at`, `closed_at`, `description`, `type_event`, `is_active`)
VALUES (1, 'Noel vui nhộn', '2025-12-20', '2025-12-26', 'Quà Noel cho bé', 'SEASONAL', 1),
       (2, 'Khai trương mùa hè', '2025-05-01 00:00:00', '2025-05-10 23:59:59', 'Ưu đãi khai hè cho bé', 'SALE', 1),
       (3, 'Quốc tế thiếu nhi', '2025-06-01 00:00:00', '2025-06-03 23:59:59', 'Giảm giá 1/6', 'FLASH_SALE', 1),
       (4, 'Sale hè rực rỡ', '2025-06-10', '2025-06-20', 'Sale đồ chơi hè', 'SALE', 1),
       (5, 'Back To School', '2025-08-01', '2025-08-15', 'Mùa tựu trường', 'SEASONAL', 1),
       (6, 'Trung thu cho bé', '2025-09-10', '2025-09-20', 'Ưu đãi trung thu', 'SEASONAL', 1),
       (7, 'Halloween Kids', '2025-10-25', '2025-10-31', 'Đồ chơi Halloween', 'THEME', 1),
       (8, 'Tết thiếu nhi', '2026-02-01', '2026-02-10', 'Sale đầu năm', 'SEASONAL', 1),
       (9, 'Siêu sale Lego', '2025-07-01', '2025-07-05', 'Giảm Lego', 'BRAND', 1),
       (10, 'Ngày hội xe đồ chơi', '2025-06-15', '2025-06-18', 'Xe cho bé', 'THEME', 1),

       (11, 'Flash sale cuối tuần 1', '2025-07-06', '2025-07-07', 'Flash sale', 'FLASH_SALE', 1),
       (12, 'Flash sale cuối tuần 2', '2025-07-13', '2025-07-14', 'Flash sale', 'FLASH_SALE', 1),
       (13, 'Flash sale cuối tuần 3', '2025-07-20', '2025-07-21', 'Flash sale', 'FLASH_SALE', 1),
       (14, 'Mega sale', '2025-07-27', '2025-07-28', 'Mega sale', 'MEGA_SALE', 1),
       (15, 'Sale đồ chơi học tập', '2025-08-05', '2025-08-12', 'Đồ chơi giáo dục', 'CATEGORY', 1),
       (16, 'Sale đồ chơi vận động', '2025-08-15', '2025-08-22', 'Đồ chơi vận động', 'CATEGORY', 1),
       (17, 'Sale đồ chơi gỗ', '2025-08-25', '2025-08-30', 'Đồ chơi gỗ', 'CATEGORY', 1),
       (18, 'Sale búp bê', '2025-09-01', '2025-09-07', 'Búp bê giảm giá', 'CATEGORY', 1),
       (19, 'Sale robot', '2025-09-08', '2025-09-14', 'Robot cho bé', 'CATEGORY', 1),

       (20, 'Ngày hội đồ chơi thông minh', '2025-10-01', '2025-10-05', 'Đồ chơi AI', 'THEME', 1),
       (21, 'Sale đồ chơi mầm non', '2025-10-07', '2025-10-12', 'Cho bé 1-3 tuổi', 'CATEGORY', 1),
       (22, 'Sale khủng long', '2025-10-15', '2025-10-20', 'Mô hình khủng long', 'CATEGORY', 1),
       (23, 'Sale Lego thành phố', '2025-10-22', '2025-10-27', 'Lego City', 'BRAND', 1),
       (24, 'Sale ô tô điều khiển', '2025-11-01', '2025-11-07', 'Xe RC', 'CATEGORY', 1),
       (25, 'Sale đồ chơi trí tuệ', '2025-11-08', '2025-11-14', 'Rèn tư duy', 'CATEGORY', 1),
       (26, 'Sale game bàn cờ', '2025-11-15', '2025-11-20', 'Cờ vua, cờ tỉ phú', 'CATEGORY', 1),
       (27, 'Sale sinh nhật shop', '2025-11-22', '2025-11-30', 'Sinh nhật shop', 'SPECIAL', 1),
       (28, 'Sale cuối năm đợt 1', '2025-12-01', '2025-12-05', 'Cuối năm', 'SEASONAL', 1),
       (29, 'Sale cuối năm đợt 2', '2025-12-06', '2025-12-10', 'Cuối năm', 'SEASONAL', 1),
       (30, 'Sale cuối năm đợt 3', '2025-12-11', '2025-12-15', 'Cuối năm', 'SEASONAL', 1),

       (31, 'Sale cuối năm đợt 4', '2025-12-16', '2025-12-20', 'Cuối năm', 'SEASONAL', 1),
       (32, 'Chào năm mới 2026', '2025-12-31', '2026-01-05', 'New Year Sale', 'SEASONAL', 1),
       (33, 'Sale học kỳ 2', '2026-01-10', '2026-01-20', 'Đầu học kỳ', 'SEASONAL', 1),
       (34, 'Sale Valentine nhí', '2026-02-10', '2026-02-14', 'Quà cho bé', 'THEME', 1),
       (35, 'Ngày hội đồ chơi sáng tạo', '2026-03-01', '2026-03-07', 'Creative toys', 'THEME', 1),
       (36, 'Sale mùa xuân', '2026-03-10', '2026-03-20', 'Xuân 2026', 'SEASONAL', 1),
       (37, 'Sale thiếu nhi đầu hè', '2026-04-25', '2026-04-30', 'Chuẩn bị 1/6', 'SEASONAL', 1),
       (38, 'Summer Fun Sale', '2026-06-01 00:00:00', '2026-06-10 23:59:59', 'Ưu đãi mùa hè', 'SEASONAL', 1),
       (39, 'Back to School 2026', '2026-08-01 00:00:00', '2026-08-15 23:59:59', 'Mùa tựu trường', 'SEASONAL', 1),
       (40, 'Halloween Party 2026', '2026-10-25 00:00:00', '2026-10-31 23:59:59', 'Đồ chơi Halloween', 'THEME', 1),

       (41, 'Christmas 2026', '2026-12-20 00:00:00', '2026-12-26 23:59:59', 'Quà Noel cho bé', 'SEASONAL', 1),
       (42, 'New Year 2027', '2026-12-31 00:00:00', '2027-01-05 23:59:59', 'Chào năm mới', 'SEASONAL', 1),
       (43, 'Valentine Kids 2026', '2026-02-10 00:00:00', '2026-02-14 23:59:59', 'Quà Valentine', 'THEME', 1),
       (44, 'Spring Festival Sale', '2026-03-01 00:00:00', '2026-03-20 23:59:59', 'Khuyến mãi mùa xuân', 'SEASONAL', 1),
       (45, 'Toy Expo 2026', '2026-07-05 00:00:00', '2026-07-10 23:59:59', 'Triển lãm đồ chơi', 'SPECIAL', 1),
       (46, 'Flash Sale Weekend 1', '2026-07-06 00:00:00', '2026-07-07 23:59:59', 'Flash sale cuối tuần', 'FLASH_SALE',1),
       (47, 'Flash Sale Weekend 2', '2026-07-13 00:00:00', '2026-07-14 23:59:59', 'Flash sale cuối tuần', 'FLASH_SALE',1),
       (48, 'Flash Sale Weekend 3', '2026-07-20 00:00:00', '2026-07-21 23:59:59', 'Flash sale cuối tuần', 'FLASH_SALE',1),
       (49, 'Mega Sale Summer', '2026-07-27 00:00:00', '2026-07-28 23:59:59', 'Mega sale hè', 'MEGA_SALE', 1),
       (50, 'Autumn Toys Festival', '2026-09-01 00:00:00', '2026-09-10 23:59:59', 'Lễ hội đồ chơi mùa thu', 'THEME', 1);



INSERT INTO `banners`
(`id`, `title`, `img_path`, `group_tag`, `sort_order`, `event_id`, `is_active`)
VALUES (1, 'Banner Noel', 'archive/assets/images/banners/christmas.png', 'TRANG_CHU', 1, 1, 1),
       (2, 'Banner hè 2', 'archive/assets/images/banners/christmas.png', 'TRANG_CHU', 2, 2, 1),
       (3, 'Banner hè 3', 'archive/assets/images/banners/christmas.png', 'TRANG_CHU', 3, 3, 1),
       (4, 'Banner tựu trường', 'archive/assets/images/banners/christmas.png', 'TRANG_CHU', 4, 4, 1),
       (5, 'Banner trung thu', 'archive/assets/images/banners/christmas.png', 'TRANG_CHU', 5, 5, 1),

       (6, 'Banner Halloween', 'archive/assets/images/banners/halloween-party-deal.png', 'TRANG_CHU', 1, 6, 1),
       (7, 'Banner Tết', 'archive/assets/images/banners/christmas.png', 'TRANG_CHU', 3, 8, 1),
       (8, 'Banner Lego', 'archive/assets/images/banners/christmas.png', 'TRANG_CHU', 1, 9, 1),
       (9, 'Banner Xe', 'archive/assets/images/banners/christmas.png', 'KHUYEN_MAI', 1, 10, 1);


INSERT INTO `promotions`
(`id`, `name`, `expired_at`, `discount_percent`, `discount_price`, `event_id`, `is_active`)
VALUES (1, 'KM Hè 10%', '2025-05-10', 10, NULL, 1, 1),
       (2, 'KM 1/6 20%', '2025-06-03', 20, NULL, 2, 1),
       (3, 'KM Hè 15%', '2025-06-20', 15, NULL, 3, 1),
       (4, 'KM Tựu trường 25%', '2025-08-15', 25, NULL, 4, 1),
       (5, 'KM Trung thu 30%', '2025-09-20', 30, NULL, 5, 1),

       (6, 'KM Halloween 20%', '2025-10-31', 20, NULL, 6, 1),
       (7, 'KM Noel 35%', '2025-12-26', 35, NULL, 7, 1),
       (8, 'KM Tết 40%', '2026-02-10', 40, NULL, 8, 1),
       (9, 'KM Lego 15%', '2025-07-05', 15, NULL, 9, 1),
       (10, 'KM Xe 18%', '2025-06-18', 18, NULL, 10, 1),

       (11, 'Flash 20k', '2025-07-07', NULL, 20000, 11, 1),
       (12, 'Flash 30k', '2025-07-14', NULL, 30000, 12, 1),
       (13, 'Flash 50k', '2025-07-21', NULL, 50000, 13, 1),
       (14, 'Flash 100k', '2025-07-28', NULL, 100000, 14, 1),

       (15, 'Học tập 20%', '2025-08-12', 20, NULL, 15, 1),
       (16, 'Vận động 15%', '2025-08-22', 15, NULL, 16, 1),
       (17, 'Gỗ 10%', '2025-08-30', 10, NULL, 17, 1),
       (18, 'Búp bê 18%', '2025-09-07', 18, NULL, 18, 1),
       (19, 'Robot 22%', '2025-09-14', 22, NULL, 19, 1),

       (20, 'AI 25%', '2025-10-05', 25, NULL, 20, 1),
       (21, 'Mầm non 20%', '2025-10-12', 20, NULL, 21, 1),
       (22, 'Khủng long 30%', '2025-10-20', 30, NULL, 22, 1),
       (23, 'Lego City 18%', '2025-10-27', 18, NULL, 23, 1),
       (24, 'Xe RC 25%', '2025-11-07', 25, NULL, 24, 1),

       (25, 'Trí tuệ 20%', '2025-11-14', 20, NULL, 25, 1),
       (26, 'Cờ 15%', '2025-11-20', 15, NULL, 26, 1),
       (27, 'Sinh nhật shop 40%', '2025-11-30', 40, NULL, 27, 1),

       (28, 'Cuối năm 1 30%', '2025-12-05', 30, NULL, 28, 1),
       (29, 'Cuối năm 2 35%', '2025-12-10', 35, NULL, 29, 1),
       (30, 'Cuối năm 3 40%', '2025-12-15', 40, NULL, 30, 1),
       (31, 'Cuối năm 4 45%', '2025-12-20', 45, NULL, 31, 1),

       (32, 'Năm mới 50%', '2026-01-05', 50, NULL, 32, 1),
       (33, 'Học kỳ 2 20%', '2026-01-20', 20, NULL, 33, 1),
       (34, 'Valentine 15%', '2026-02-14', 15, NULL, 34, 1),
       (35, 'Sáng tạo 25%', '2026-03-07', 25, NULL, 35, 1),
       (36, 'Mùa xuân 30%', '2026-03-20', 30, NULL, 36, 1),
       (37, 'Thiếu nhi sớm 35%', '2026-04-30', 35, NULL, 37, 1),

       (38, 'KM bổ sung 1', '2026-05-05', 10, NULL, 38, 1),
       (39, 'KM bổ sung 2', '2026-05-10', 12, NULL, 39, 1),
       (40, 'KM bổ sung 3', '2026-05-15', 14, NULL, 40, 1),
       (41, 'KM bổ sung 4', '2026-05-20', 16, NULL, 41, 1),
       (42, 'KM bổ sung 5', '2026-05-25', 18, NULL, 42, 1),
       (43, 'KM bổ sung 6', '2026-05-30', 20, NULL, 43, 1),
       (44, 'KM bổ sung 7', '2026-06-05', 22, NULL, 44, 1),
       (45, 'KM bổ sung 8', '2026-06-10', 24, NULL, 45, 1),
       (46, 'KM bổ sung 9', '2026-06-15', 26, NULL, 46, 1),
       (47, 'KM bổ sung 10', '2026-06-20', 28, NULL, 47, 1),
       (48, 'KM bổ sung 11', '2026-06-25', 30, NULL, 48, 1),
       (49, 'KM bổ sung 12', '2026-06-30', 32, NULL, 49, 1),
       (50, 'KM bổ sung 13', '2026-07-05', 35, NULL, 50, 1);

-- Categories
INSERT INTO `categories` (`id`, `name`, `is_active`)
VALUES
    (1, 'Lego', 1),
    (2, 'Búp bê', 1),
    (3, 'Đồ chơi vận động', 1),
    (4, 'Đồ chơi trí tuệ', 1),
    (5, 'Mô hình xe', 1),
    (6, 'Đồ chơi gỗ', 1),
    (7, 'Đồ chơi xếp hình', 1),
    (8, 'Đồ chơi âm nhạc', 1),
    (9, 'Đồ chơi giáo dục', 1),
    (10, 'Đồ chơi mầm non', 1),
    (11, 'Mô hình khủng long', 1),
    (12, 'Xe điều khiển', 1),
    (13, 'Đồ chơi sáng tạo', 1),
    (14, 'Game bàn cờ', 1),
    (15, 'Đồ chơi biển', 1),
    (16, 'Đồ chơi mùa lễ hội', 1),
    (17, 'Đồ chơi điện tử', 1),
    (18, 'Đồ chơi thể thao', 1),
    (19, 'Đồ chơi trí nhớ', 1),
    (20, 'Đồ chơi robot', 1),
    (21, 'Đồ chơi lắp ráp mini', 1),
    (22, 'Đồ chơi khoa học', 1),
    (23, 'Đồ chơi mô hình', 1),
    (24, 'Đồ chơi nhân vật', 1),
    (25, 'Đồ chơi bãi biển', 1),
    (26, 'Đồ chơi vận tải', 1),
    (27, 'Đồ chơi nghệ thuật', 1),
    (28, 'Đồ chơi kỹ năng', 1),
    (29, 'Đồ chơi học tập', 1),
    (30, 'Đồ chơi Lego Classic', 1),
    (31, 'Đồ chơi Lego City', 1),
    (32, 'Đồ chơi Lego Ninjago', 1),
    (33, 'Đồ chơi Lego Star Wars', 1),
    (34, 'Đồ chơi Lego Technic', 1),
    (35, 'Đồ chơi thú nhồi bông', 1),
    (36, 'Đồ chơi xe máy', 1),
    (37, 'Đồ chơi xe hơi', 1),
    (38, 'Đồ chơi vận hành', 1),
    (39, 'Đồ chơi khám phá', 1),
    (40, 'Đồ chơi biển cả', 1),
    (41, 'Đồ chơi an toàn', 1),
    (42, 'Đồ chơi phát triển tư duy', 1),
    (43, 'Đồ chơi kết hợp học tập', 1),
    (44, 'Đồ chơi sáng tạo nghệ thuật', 1),
    (45, 'Đồ chơi mô hình nhân vật', 1),
    (46, 'Đồ chơi xe Lego', 1),
    (47, 'Đồ chơi LEGO mini', 1),
    (48, 'Đồ chơi robot Lego', 1),
    (49, 'Đồ chơi lắp ghép', 1),
    (50, 'Đồ chơi trí tuệ Lego', 1);

-- Brands
INSERT INTO `brands` (`id`, `name`, `img_path`, `is_active`)
VALUES
    (1, 'Among Us', 'archive/assets/images/brands/among-us.png', 1),
    (2, 'Angry Birds', 'archive/assets/images/brands/angry-birds.png', 1),
    (3, 'Aphmau', 'archive/assets/images/brands/aphmau.png', 1),
    (4, 'Avengers', 'archive/assets/images/brands/avengers.png', 1),
    (5, 'Attack on Titan', 'archive/assets/images/brands/attack-on-titan.png', 1),
    (6, 'Barbie', 'archive/assets/images/brands/barbie.png', 1),
    (7, 'Batman', 'archive/assets/images/brands/batman.png', 1),
    (8, 'BANDAI Candy', 'archive/assets/images/brands/bandai-candy.png', 1),
    (9, 'Banpresto', 'archive/assets/images/brands/banpresto.png', 1),
    (10, 'Bitzzee', 'archive/assets/images/brands/bitzzee.png', 1),
    (11, 'Biggies', 'archive/assets/images/brands/biggies.png', 1),
    (12, 'Breezy Rollers', 'archive/assets/images/brands/breezyrollers.png', 1),
    (13, 'Beyblade X', 'archive/assets/images/brands/beyblade-x.png', 1),
    (14, 'Blackpink', 'archive/assets/images/brands/blackpink.png', 1),
    (15, 'Iwaya', 'archive/assets/images/brands/iwaya.png', 1),
    (16, 'Intex', 'archive/assets/images/brands/intex.png', 1),
    (17, 'LEGO', 'archive/assets/images/brands/lego.png', 1),
    (18, 'LEGO City', 'archive/assets/images/brands/lego-city.png', 1),
    (19, 'LEGO Classic', 'archive/assets/images/brands/lego-classic.png', 1),
    (20, 'LEGO Ninjago', 'archive/assets/images/brands/lego-ninjago.png', 1),
    (21, 'LEGO Star Wars', 'archive/assets/images/brands/lego-starwars.png', 1),
    (22, 'LEGO Technic', 'archive/assets/images/brands/lego-technic.png', 1),
    (23, 'Bruder', 'archive/assets/images/brands/bruder.png', 1),
    (24, 'Baby Alive', 'archive/assets/images/brands/baby-alive.png', 1),
    (25, 'B.Toys', 'archive/assets/images/brands/btoys.png', 1),
    (26, 'Beyblade Burst', 'archive/assets/images/brands/beyblade-burst.png', 1),
    (27, 'Bike Toys', 'archive/assets/images/brands/bike-toys.png', 1),
    (28, 'Bread Bar', 'archive/assets/images/brands/bread-bar.png', 1),
    (29, 'Bratz', 'archive/assets/images/brands/bratz.png', 1),
    (30, 'Fisher-Price', 'archive/assets/images/brands/fisher-price.png', 1),
    (31, 'Hot Wheels', 'archive/assets/images/brands/hotwheels.png', 1),
    (32, 'Play-Doh', 'archive/assets/images/brands/play-doh.png', 1),
    (33, 'VTech', 'archive/assets/images/brands/vtech.png', 1),
    (34, 'Disney', 'archive/assets/images/brands/disney.png', 1),
    (35, 'Marvel', 'archive/assets/images/brands/marvel.png', 1),
    (36, 'Hasbro', 'archive/assets/images/brands/hasbro.png', 1),
    (37, 'Mattel', 'archive/assets/images/brands/mattel.png', 1),
    (38, 'Spin Master', 'archive/assets/images/brands/spin-master.png', 1),
    (39, 'Fisher Price', 'archive/assets/images/brands/fisher-price.png', 1),
    (40, 'LEGO Friends', 'archive/assets/images/brands/lego-friends.png', 1),
    (41, 'LEGO Duplo', 'archive/assets/images/brands/lego-duplo.png', 1),
    (42, 'LEGO Technic Advanced', 'archive/assets/images/brands/lego-technic-adv.png', 1),
    (43, 'LEGO City Police', 'archive/assets/images/brands/lego-city-police.png', 1),
    (44, 'LEGO Star Wars Galaxy', 'archive/assets/images/brands/lego-starwars-galaxy.png', 1),
    (45, 'LEGO Ninjago Masters', 'archive/assets/images/brands/lego-ninjago-masters.png', 1),
    (46, 'LEGO Classic Creative', 'archive/assets/images/brands/lego-classic-creative.png', 1),
    (47, 'LEGO Mini', 'archive/assets/images/brands/lego-mini.png', 1),
    (48, 'LEGO Robot', 'archive/assets/images/brands/lego-robot.png', 1),
    (49, 'LEGO Builder', 'archive/assets/images/brands/lego-builder.png', 1),
    (50, 'LEGO Expert', 'archive/assets/images/brands/lego-expert.png', 1);



INSERT INTO `vouchers`
(`id`, `name`, `expired_at`, `discount_percent`, `max_price`, `used`, `volumes`, `category_id`, `brand_id`, `is_active`)
VALUES (1, 'Giảm 10% Lego', '2025-12-31', 10, 100000, 5, 200, 1, 1, 1),
       (2, 'Giảm 20% Xe đồ chơi', '2025-11-30', 20, 200000, 32, 150, 2, 2, 1),
       (3, 'Ưu đãi búp bê Barbie', '2025-10-15', 15, 150000, 20, 120, 3, 3, 1),
       (4, 'Khuyến mãi trí tuệ', '2025-09-20', 25, 300000, 10, 100, 4, 4, 1),
       (5, 'Giảm giá robot', '2025-08-31', 18, 180000, 44, 180, 5, 5, 1),
       (6, 'Đồ chơi giáo dục', '2025-07-31', 12, 120000, 5, 250, 4, 2, 1),
       (7, 'Ưu đãi hè thiếu nhi', '2025-06-30', 30, 400000, 80, 300, 2, 1, 1),
       (8, 'Giảm giá xe điện', '2025-11-11', 22, 500000, 41, 90, 2, 6, 1),
       (9, 'Flash sale Lego', '2025-09-09', 35, 600000, 60, 70, 1, 1, 1),
       (10, 'Mua đồ trí tuệ rẻ', '2025-08-08', 17, 150000, 11, 140, 4, 5, 1),

       (11, 'Thiếu nhi vui học', '2025-12-15', 14, 130000, 7, 160, 4, 4, 1),
       (12, 'Sale mô hình ô tô', '2025-10-10', 28, 350000, 55, 110, 2, 7, 1),
       (13, 'Giảm đồ lắp ráp', '2025-09-05', 16, 140000, 23, 95, 1, 3, 1),
       (14, 'Ưu đãi gấu bông', '2025-08-14', 20, 180000, 30, 150, 6, 8, 1),
       (15, 'Đồ chơi cho bé trai', '2025-07-07', 25, 250000, 39, 200, 2, 4, 1),

       (16, 'Đồ chơi cho bé gái', '2025-06-15', 19, 210000, 18, 130, 3, 9, 1),
       (17, 'Sale búp bê công chúa', '2025-12-01', 27, 320000, 49, 100, 3, 3, 1),
       (18, 'Giảm mô hình khủng long', '2025-11-18', 23, 270000, 40, 170, 7, 10, 1),
       (19, 'Giảm combo Lego', '2025-10-05', 33, 700000, 64, 85, 1, 1, 1),
       (20, 'Khuyến mãi mùa tựu trường', '2025-09-01', 21, 220000, 72, 260, 4, 2, 1),

       (21, 'Đồ chơi vận động', '2025-08-25', 18, 190000, 22, 180, 8, 6, 1),
       (22, 'Sale xe điều khiển', '2025-07-30', 26, 380000, 53, 140, 2, 7, 1),
       (23, 'Ưu đãi đồ xếp hình', '2025-12-20', 15, 160000, 14, 210, 1, 4, 1),
       (24, 'Giảm đồ chơi thông minh', '2025-11-22', 29, 420000, 66, 120, 4, 5, 1),
       (25, 'Sale đồ chơi âm nhạc', '2025-10-28', 24, 260000, 35, 95, 9, 11, 1),

       (26, 'Combo bé tập đi', '2025-09-19', 17, 175000, 8, 150, 10, 12, 1),
       (27, 'Giảm xe chòi chân', '2025-08-10', 21, 230000, 19, 130, 2, 6, 1),
       (28, 'Khuyến mãi trung thu', '2025-09-15', 35, 500000, 90, 400, 6, 3, 1),
       (29, 'Mùa sale khai trường', '2025-08-20', 28, 340000, 57, 270, 4, 2, 1),
       (30, 'Đồ chơi xếp khối gỗ', '2025-07-18', 16, 140000, 15, 160, 11, 13, 1),

       (31, 'Giảm đồ nấu ăn', '2025-12-12', 22, 200000, 34, 140, 12, 14, 1),
       (32, 'Sale đồ chơi nhà bếp', '2025-11-08', 27, 310000, 52, 130, 12, 14, 1),
       (33, 'Ưu đãi khủng long', '2025-10-03', 24, 290000, 47, 110, 7, 10, 1),
       (34, 'Giảm đồ chơi trí nhớ', '2025-09-07', 18, 170000, 21, 190, 4, 15, 1),
       (35, 'Flash Sale Quốc tế thiếu nhi', '2025-06-01', 40, 600000, 120, 500, 1, 1, 1),

       (36, 'Giảm combo gia đình', '2025-12-25', 20, 400000, 10, 100, 5, 8, 1),
       (37, 'Sale đồ chơi học chữ', '2025-11-27', 23, 260000, 44, 180, 4, 5, 1),
       (38, 'Ưu đãi đồ chơi mầm non', '2025-10-20', 19, 190000, 16, 160, 4, 2, 1),
       (39, 'Đồ chơi lắp ráp mini', '2025-09-29', 14, 120000, 9, 200, 1, 4, 1),
       (40, 'Sale cuối năm cho bé', '2025-12-31', 30, 500000, 0, 300, 6, 3, 1);



