INSERT INTO payment_methods (id, name, is_active, created_at)
VALUES (1, 'Thẻ tín dụng (Visa/Mastercard)', 1, '2025-01-01 08:00:00'),
       (2, 'Ví điện tử MoMo', 1, '2025-01-01 08:00:00'),
       (3, 'ZaloPay', 1, '2025-01-01 08:00:00'),
       (4, 'Thanh toán khi nhận hàng (COD)', 1, '2025-01-01 08:00:00'),
       (5, 'Chuyển khoản ngân hàng', 1, '2025-01-01 08:00:00');


INSERT INTO orders (id, user_id, total_price, status, is_active, created_at)
VALUES (1, 5, 550000.00, 'DA_GIAO', 1, '2025-12-01 10:00:00'),
       (2, 12, 1200000.00, 'DA_GIAO', 1, '2025-12-02 11:30:00'),
       (3, 45, 350000.00, 'DANG_GIAO', 1, '2025-12-05 09:15:00'),
       (4, 8, 210000.00, 'CHUAN_BI_HANG', 1, '2025-12-28 14:20:00'),
       (5, 22, 1500000.00, 'DA_HUY', 1, '2025-12-10 16:45:00'),
       (6, 31, 780000.00, 'DA_GIAO', 1, '2025-12-12 08:00:00'),
       (7, 19, 450000.00, 'DANG_GIAO', 1, '2025-12-15 13:10:00'),
       (8, 2, 990000.00, 'CHUAN_BI_HANG', 1, '2025-12-29 10:00:00'),
       (9, 40, 120000.00, 'DA_GIAO', 1, '2025-12-18 17:25:00'),
       (10, 15, 3200000.00, 'DA_GIAO', 1, '2025-12-20 11:00:00'),
       (11, 5, 600000.00, 'DANG_GIAO', 1, '2025-12-22 09:00:00'),
       (12, 33, 430000.00, 'CHUAN_BI_HANG', 1, '2025-12-29 15:30:00'),
       (13, 27, 850000.00, 'DA_GIAO', 1, '2025-12-24 10:45:00'),
       (14, 50, 250000.00, 'CHUAN_BI_HANG', 1, '2025-12-30 08:20:00'),
       (15, 11, 1100000.00, 'DANG_GIAO', 1, '2025-12-26 12:00:00'),
       (16, 12, 540000.00, 'DA_GIAO', 1, '2025-12-27 14:15:00'),
       (17, 3, 720000.00, 'CHUAN_BI_HANG', 1, '2025-12-30 09:00:00'),
       (18, 25, 150000.00, 'DA_GIAO', 1, '2025-12-28 16:00:00'),
       (19, 48, 2300000.00, 'DANG_GIAO', 1, '2025-12-29 11:30:00'),
       (20, 1, 890000.00, 'CHUAN_BI_HANG', 1, '2025-12-30 10:10:00'),
       (21, 10, 450000.00, 'DA_GIAO', 1, '2025-02-15 08:30:00'),
       (22, 25, 890000.00, 'DA_GIAO', 1, '2025-03-10 14:20:00'),
       (23, 5, 125000.00, 'DA_HUY', 1, '2025-04-05 09:00:00'),
       (24, 42, 670000.00, 'DA_GIAO', 1, '2025-05-20 11:15:00'),
       (25, 18, 2100000.00, 'DA_GIAO', 1, '2025-06-12 16:40:00'),
       (26, 33, 340000.00, 'DA_GIAO', 1, '2025-07-01 10:00:00'),
       (27, 2, 155000.00, 'DA_HUY', 1, '2025-07-15 13:25:00'),
       (28, 49, 920000.00, 'DA_GIAO', 1, '2025-08-08 08:50:00'),
       (29, 14, 410000.00, 'DA_GIAO', 1, '2025-09-22 15:10:00'),
       (30, 37, 580000.00, 'DA_GIAO', 1, '2025-10-05 17:30:00'),
       (31, 8, 1200000.00, 'DA_GIAO', 1, '2025-11-11 09:20:00'),
       (32, 29, 750000.00, 'DA_GIAO', 1, '2025-11-25 12:45:00'),
       (33, 41, 320000.00, 'DA_GIAO', 1, '2026-01-02 10:00:00'),
       (34, 12, 1150000.00, 'DA_GIAO', 1, '2026-01-04 14:30:00'),
       (35, 50, 480000.00, 'DA_GIAO', 1, '2026-01-06 09:15:00'),
       (36, 6, 230000.00, 'DA_GIAO', 1, '2026-01-08 11:00:00'),
       (37, 21, 640000.00, 'DA_GIAO', 1, '2026-01-10 16:20:00'),
       (38, 44, 180000.00, 'DA_GIAO', 1, '2026-01-12 08:40:00'),
       (39, 13, 950000.00, 'DANG_GIAO', 1, '2026-01-15 13:10:00'),
       (40, 30, 520000.00, 'DANG_GIAO', 1, '2026-01-16 15:55:00'),
       (41, 4, 310000.00, 'DANG_GIAO', 1, '2026-01-18 10:20:00'),
       (42, 47, 770000.00, 'DANG_GIAO', 1, '2026-01-19 14:00:00'),
       (43, 11, 440000.00, 'CHUAN_BI_HANG', 1, '2026-01-20 09:30:00'),
       (44, 35, 1250000.00, 'CHUAN_BI_HANG', 1, '2026-01-20 16:45:00'),
       (45, 20, 290000.00, 'CHUAN_BI_HANG', 1, '2026-01-21 08:10:00'),
       (46, 28, 860000.00, 'CHUAN_BI_HANG', 1, '2026-01-21 11:30:00'),
       (47, 9, 150000.00, 'CHUAN_BI_HANG', 1, '2026-01-22 10:00:00'),
       (48, 43, 330000.00, 'CHUAN_BI_HANG', 1, '2026-01-22 13:20:00'),
       (49, 1, 710000.00, 'CHUAN_BI_HANG', 1, '2026-01-22 15:40:00'),
       (50, 16, 540000.00, 'CHUAN_BI_HANG', 1, '2026-01-22 17:05:00');



INSERT INTO order_details (order_id, product_id, quantity, is_active, created_at)
VALUES (1, 15, 2, 1, '2025-12-01 10:05:00'),
       (1, 42, 1, 1, '2025-12-01 10:05:00'),
       (2, 199, 1, 1, '2025-12-02 11:35:00'),
       (3, 88, 3, 1, '2025-12-05 09:20:00'),
       (4, 23, 1, 1, '2025-12-28 14:25:00'),
       (5, 150, 5, 1, '2025-12-10 16:50:00'),
       (6, 76, 2, 1, '2025-12-12 08:05:00'),
       (7, 34, 1, 1, '2025-12-15 13:15:00'),
       (8, 121, 2, 1, '2025-12-29 10:05:00'),
       (9, 10, 1, 1, '2025-12-18 17:30:00'),
       (10, 200, 1, 1, '2025-12-20 11:10:00'),
       (11, 55, 2, 1, '2025-12-22 09:10:00'),
       (12, 134, 1, 1, '2025-12-29 15:35:00'),
       (13, 91, 3, 1, '2025-12-24 10:50:00'),
       (14, 5, 1, 1, '2025-12-30 08:25:00'),
       (15, 167, 2, 1, '2025-12-26 12:10:00'),
       (16, 29, 1, 1, '2025-12-27 14:20:00'),
       (17, 188, 4, 1, '2025-12-30 09:10:00'),
       (18, 4, 1, 1, '2025-12-28 16:10:00'),
       (19, 143, 2, 1, '2025-12-29 11:40:00'),
       (20, 12, 1, 1, '2025-12-30 10:20:00'),
       (21, 45, 1, 1, '2025-02-15 08:35:00'),
       (22, 112, 2, 1, '2025-03-10 14:25:00'),
       (23, 10, 1, 1, '2025-04-05 09:05:00'),
       (24, 187, 1, 1, '2025-05-20 11:20:00'),
       (25, 66, 3, 1, '2025-06-12 16:45:00'),
       (26, 29, 1, 1, '2025-07-01 10:05:00'),
       (27, 140, 1, 1, '2025-07-15 13:30:00'),
       (28, 55, 2, 1, '2025-08-08 08:55:00'),
       (29, 8, 1, 1, '2025-09-22 15:15:00'),
       (30, 199, 1, 1, '2025-10-05 17:35:00'),
       (31, 172, 2, 1, '2025-11-11 09:25:00'),
       (32, 34, 1, 1, '2025-11-25 12:50:00'),
       (33, 91, 1, 1, '2026-01-02 10:05:00'),
       (34, 120, 2, 1, '2026-01-04 14:35:00'),
       (35, 15, 1, 1, '2026-01-06 09:20:00'),
       (36, 188, 1, 1, '2026-01-08 11:05:00'),
       (37, 77, 2, 1, '2026-01-10 16:25:00'),
       (38, 3, 1, 1, '2026-01-12 08:45:00'),
       (39, 156, 1, 1, '2026-01-15 13:15:00'),
       (40, 84, 2, 1, '2026-01-16 16:00:00'),
       (41, 121, 1, 1, '2026-01-18 10:25:00'),
       (42, 60, 2, 1, '2026-01-19 14:05:00'),
       (43, 11, 1, 1, '2026-01-20 09:35:00'),
       (44, 142, 3, 1, '2026-01-20 16:50:00'),
       (45, 190, 1, 1, '2026-01-21 08:15:00'),
       (46, 52, 2, 1, '2026-01-21 11:35:00'),
       (47, 99, 1, 1, '2026-01-22 10:05:00'),
       (48, 167, 1, 1, '2026-01-22 13:25:00'),
       (49, 13, 2, 1, '2026-01-22 15:45:00'),
       (50, 48, 1, 1, '2026-01-22 17:10:00');


INSERT INTO payments (payment_method_id, order_id, balance, status, is_active, created_at)
VALUES (1, 1, 550000.00, 'THANH_CONG', 1, '2025-12-01 10:02:00'),
       (2, 2, 1200000.00, 'THANH_CONG', 1, '2025-12-02 11:32:00'),
       (3, 3, 350000.00, 'THANH_CONG', 1, '2025-12-05 09:17:00'),
       (4, 4, 210000.00, 'CHUA_THANH_TOAN', 1, '2025-12-28 14:22:00'),
       (1, 5, 1500000.00, 'CHUA_THANH_TOAN', 1, '2025-12-10 17:00:00'),
       (2, 6, 780000.00, 'THANH_CONG', 1, '2025-12-12 08:02:00'),
       (3, 7, 450000.00, 'THANH_CONG', 1, '2025-12-15 13:12:00'),
       (4, 8, 990000.00, 'CHUA_THANH_TOAN', 1, '2025-12-29 10:02:00'),
       (5, 9, 120000.00, 'THANH_CONG', 1, '2025-12-18 17:27:00'),
       (1, 10, 3200000.00, 'THANH_CONG', 1, '2025-12-20 11:02:00'),
       (2, 11, 600000.00, 'THANH_CONG', 1, '2025-12-22 09:05:00'),
       (4, 12, 430000.00, 'CHUA_THANH_TOAN', 1, '2025-12-29 15:32:00'),
       (3, 13, 850000.00, 'THANH_CONG', 1, '2025-12-24 10:47:00'),
       (4, 14, 250000.00, 'CHUA_THANH_TOAN', 1, '2025-12-30 08:22:00'),
       (2, 15, 1100000.00, 'THANH_CONG', 1, '2025-12-26 12:05:00'),
       (1, 16, 540000.00, 'THANH_CONG', 1, '2025-12-27 14:17:00'),
       (4, 17, 720000.00, 'CHUA_THANH_TOAN', 1, '2025-12-30 09:05:00'),
       (5, 18, 150000.00, 'THANH_CONG', 1, '2025-12-28 16:05:00'),
       (2, 19, 2300000.00, 'THANH_CONG', 1, '2025-12-29 11:35:00'),
       (4, 20, 890000.00, 'CHUA_THANH_TOAN', 1, '2025-12-30 10:15:00'),
       (1, 21, 450000.00, 'THANH_CONG', 1, '2025-02-15 08:32:00'),
       (2, 22, 890000.00, 'THANH_CONG', 1, '2025-03-10 14:22:00'),
       (1, 23, 125000.00, 'CHUA_THANH_TOAN', 1, '2025-04-05 09:30:00'),
       (3, 24, 670000.00, 'THANH_CONG', 1, '2025-05-20 11:17:00'),
       (5, 25, 2100000.00, 'THANH_CONG', 1, '2025-06-12 16:42:00'),
       (4, 26, 340000.00, 'THANH_CONG', 1, '2025-07-01 10:02:00'),
       (2, 27, 155000.00, 'CHUA_THANH_TOAN', 1, '2025-07-15 14:00:00'),
       (1, 28, 920000.00, 'THANH_CONG', 1, '2025-08-08 08:52:00'),
       (3, 29, 410000.00, 'THANH_CONG', 1, '2025-09-22 15:12:00'),
       (2, 30, 580000.00, 'THANH_CONG', 1, '2025-10-05 17:32:00'),
       (1, 31, 1200000.00, 'THANH_CONG', 1, '2025-11-11 09:22:00'),
       (5, 32, 750000.00, 'THANH_CONG', 1, '2025-11-25 12:47:00'),
       (2, 33, 320000.00, 'THANH_CONG', 1, '2026-01-02 10:02:00'),
       (1, 34, 1150000.00, 'THANH_CONG', 1, '2026-01-04 14:32:00'),
       (3, 35, 480000.00, 'THANH_CONG', 1, '2026-01-06 09:17:00'),
       (4, 36, 230000.00, 'THANH_CONG', 1, '2026-01-08 11:02:00'),
       (2, 37, 640000.00, 'THANH_CONG', 1, '2026-01-10 16:22:00'),
       (1, 38, 180000.00, 'THANH_CONG', 1, '2026-01-12 08:42:00'),
       (4, 39, 950000.00, 'CHUA_THANH_TOAN', 1, '2026-01-15 13:12:00'),
       (4, 40, 520000.00, 'CHUA_THANH_TOAN', 1, '2026-01-16 15:57:00'),
       (2, 41, 310000.00, 'THANH_CONG', 1, '2026-01-18 10:22:00'),
       (3, 42, 770000.00, 'THANH_CONG', 1, '2026-01-19 14:02:00'),
       (4, 43, 440000.00, 'CHUA_THANH_TOAN', 1, '2026-01-20 09:32:00'),
       (1, 44, 1250000.00, 'THANH_CONG', 1, '2026-01-20 16:47:00'),
       (4, 45, 290000.00, 'CHUA_THANH_TOAN', 1, '2026-01-21 08:12:00'),
       (5, 46, 860000.00, 'CHUA_THANH_TOAN', 1, '2026-01-21 11:32:00'),
       (4, 47, 150000.00, 'CHUA_THANH_TOAN', 1, '2026-01-22 10:02:00'),
       (4, 48, 330000.00, 'CHUA_THANH_TOAN', 1, '2026-01-22 13:22:00'),
       (2, 49, 710000.00, 'THANH_CONG', 1, '2026-01-22 15:42:00'),
       (1, 50, 540000.00, 'THANH_CONG', 1, '2026-01-22 17:07:00');

# chờ hoàn thiện đã rồi chèn data shipping sau
INSERT INTO shippings (order_id, partner_id, tracking_code, shipping_fee, shipping_status, estimated_delivery,
                       start_shipped_at, delivered_at, is_active, created_at)
VALUES (1, 10, 'GHN12345', 30000.00, 'DA_GIAO', '2025-12-04', '2025-12-01', '2025-12-04 15:00:00', 1,
        '2025-12-01 11:00:00'),
       (2, 11, 'GHTK6789', 45000.00, 'DA_GIAO', '2025-12-05', '2025-12-02', '2025-12-05 10:00:00', 1,
        '2025-12-02 12:00:00'),
       (3, 10, 'GHN22222', 25000.00, 'DANG_GIAO', '2025-12-31', '2025-12-29', NULL, 1, '2025-12-05 10:00:00'),
       (4, 12, 'NINJA333', 20000.00, 'CHO_LAY_HANG', '2026-01-02', NULL, NULL, 1, '2025-12-28 15:00:00'),
       (6, 11, 'GHTK1111', 35000.00, 'DA_GIAO', '2025-12-15', '2025-12-12', '2025-12-15 09:00:00', 1,
        '2025-12-12 09:00:00'),
       (7, 10, 'GHN44444', 30000.00, 'DANG_GIAO', '2026-01-01', '2025-12-30', NULL, 1, '2025-12-15 14:00:00'),
       (8, 12, 'NINJA444', 22000.00, 'CHO_LAY_HANG', '2026-01-03', NULL, NULL, 1, '2025-12-29 11:00:00'),
       (9, 11, 'GHTK2222', 15000.00, 'DA_GIAO', '2025-12-21', '2025-12-18', '2025-12-21 14:00:00', 1,
        '2025-12-18 18:00:00'),
       (10, 10, 'GHN55555', 50000.00, 'DA_GIAO', '2025-12-23', '2025-12-20', '2025-12-23 16:00:00', 1,
        '2025-12-20 12:00:00'),
       (11, 12, 'NINJA555', 28000.00, 'DANG_GIAO', '2026-01-01', '2025-12-28', NULL, 1, '2025-12-22 10:00:00'),
       (12, 11, 'GHTK3333', 30000.00, 'CHO_LAY_HANG', '2026-01-04', NULL, NULL, 1, '2025-12-29 16:00:00'),
       (13, 10, 'GHN66666', 32000.00, 'DA_GIAO', '2025-12-27', '2025-12-24', '2025-12-27 11:00:00', 1,
        '2025-12-24 11:00:00'),
       (14, 12, 'NINJA666', 18000.00, 'CHO_LAY_HANG', '2026-01-05', NULL, NULL, 1, '2025-12-30 09:00:00'),
       (15, 11, 'GHTK4444', 40000.00, 'DANG_GIAO', '2026-01-02', '2025-12-29', NULL, 1, '2025-12-26 13:00:00'),
       (16, 10, 'GHN77777', 25000.00, 'DA_GIAO', '2025-12-30', '2025-12-27', '2025-12-30 09:00:00', 1,
        '2025-12-27 15:00:00'),
       (17, 12, 'NINJA777', 35000.00, 'CHO_LAY_HANG', '2026-01-05', NULL, NULL, 1, '2025-12-30 10:00:00'),
       (18, 11, 'GHTK5555', 15000.00, 'DA_GIAO', '2025-12-31', '2025-12-28', '2025-12-31 08:00:00', 1,
        '2025-12-28 17:00:00'),
       (19, 10, 'GHN88888', 45000.00, 'DANG_GIAO', '2026-01-03', '2025-12-29', NULL, 1, '2025-12-29 12:00:00'),
       (20, 12, 'NINJA888', 25000.00, 'CHO_LAY_HANG', '2026-01-05', NULL, NULL, 1, '2025-12-30 11:00:00'),
       (5, NULL, NULL, 0.00, 'DA_HUY', NULL, NULL, NULL, 1, '2025-12-10 17:05:00');
