[
    {
        "title": "Đồ Chơi Combo Bộ Khuôn Làm Bánh Burger Vui Nhộn Và Bột Nặn 4 Màu PLAYDOH CBG1614/G1609-B5517",
        "url": "https://www.mykingdom.com.vn/products/combo-bo-khuon-lam-banh-burger-vui-nhon-va-bot-nan-4-mau-playdoh-cbg1614-g1609-b5517",
        "price": 540000.0,
        "stock": 44,
        "main_image": "\\/\\/www.mykingdom.com.vn\\/cdn\\/shop\\/files\\/combo-bo-khuon-lam-banh-burger-vui-nhon-va-bot-nan-4-mau-playdoh-cbg1614-g1609-b5517_4_620x620.jpg?v=1760325684",
        "images": [
            "https://www.mykingdom.com.vn/cdn/shop/files/combo-bo-khuon-lam-banh-burger-vui-nhon-va-bot-nan-4-mau-playdoh-cbg1614-g1609-b5517_4.jpg?v=1760325684&width=1946",
            "https://www.mykingdom.com.vn/cdn/shop/files/combo-bo-khuon-lam-banh-burger-vui-nhon-va-bot-nan-4-mau-playdoh-cbg1614-g1609-b5517_2.jpg?v=1760325684&width=1946",
            "https://www.mykingdom.com.vn/cdn/shop/files/combo-bo-khuon-lam-banh-burger-vui-nhon-va-bot-nan-4-mau-playdoh-cbg1614-g1609-b5517_3.jpg?v=1760325684&width=1946",
            "https://www.mykingdom.com.vn/cdn/shop/files/combo-bo-khuon-lam-banh-burger-vui-nhon-va-bot-nan-4-mau-playdoh-cbg1614-g1609-b5517_1.jpg?v=1760325684&width=1946"
        ],
        "description": "Đồ Chơi Combo Bộ Khuôn Làm Bánh Burger Vui Nhộn Và Bột Nặn 4 Màu PLAYDOH CBG1614/G1609-B5517\nBộ khuôn làm bánh Burger vui nhộn giúp bé tha hồ phát triển trí tuệ và rèn luyện kĩ năng vận động tay TẶNG KÈM 1 LỐC 4 HỦ BỘT B5517\nPlaydoh thuộc nhãn Hasbro thương hiệu Mỹ Thành phần từ bột mì, an toàn với trẻ em\nMùi bột thơm nhẹ , làm từ thành phần thiên nhiên nên rất an toàn cho bé khi sử dụng\nBột không bị dính tay hoặc dính vào sàn gỗ, đồ nhựa, ít bị bám nên dễ làm sạch\nBộ sản phẩm không chỉ đơn giản là món đồ chơi cho trẻ nhỏ, thông qua việc tạo hình bột nặn sẽ giúp bé xây dựng được về cách phối màu, tạo hình đồ vật, sự vật. Giúp cho trẻ mở rộng hơn về trí tưởng tượng và định hình được cái vật xung quanh",
        "information": {
            "Chủ đề": "PD KITCHEN CAKE",
            "Xuất xứ": "Trung Quốc",
            "Mã VT": "CBG1614/G1609-B5517",
            "Tuổi": "3 tuổi trở lên",
            "Thương hiệu": "PLAYDOH",
            "Xuất xứ thương hiệu": "Mỹ",
            "Giới tính": "Unisex"
        }
    },
    {
        "title": "Đồ Chơi Mô Hình Siêu Xe Sang Trọng Honda Civic FD2 Type-R HOT WHEELS JBK53/FPY86",
        "url": "https://www.mykingdom.com.vn/products/sieu-xe-sang-trong-honda-civic-fd2-type-r-hot-wheels-jbk53-fpy86",
        "price": 279000.0,
        "stock": 2,
        "main_image": "\\/\\/www.mykingdom.com.vn\\/cdn\\/shop\\/files\\/sieu-xe-sang-trong-honda-civic-fd2-type-r-hot-wheels-jbk53-fpy86_3_620x620.jpg?v=1759833234",
        "images": [
            "https://www.mykingdom.com.vn/cdn/shop/files/sieu-xe-sang-trong-honda-civic-fd2-type-r-hot-wheels-jbk53-fpy86_3.jpg?v=1759833234&width=1946",
            "https://www.mykingdom.com.vn/cdn/shop/files/sieu-xe-sang-trong-honda-civic-fd2-type-r-hot-wheels-jbk53-fpy86_2.jpg?v=1759911543&width=1946",
            "https://www.mykingdom.com.vn/cdn/shop/files/sieu-xe-sang-trong-honda-civic-fd2-type-r-hot-wheels-jbk53-fpy86_6.jpg?v=1759911543&width=1946",
            "https://www.mykingdom.com.vn/cdn/shop/files/sieu-xe-sang-trong-honda-civic-fd2-type-r-hot-wheels-jbk53-fpy86_5.jpg?v=1759833234&width=1946",
            "https://www.mykingdom.com.vn/cdn/shop/files/sieu-xe-sang-trong-honda-civic-fd2-type-r-hot-wheels-jbk53-fpy86_4.jpg?v=1759833234&width=1946",
            "https://www.mykingdom.com.vn/cdn/shop/files/sieu-xe-sang-trong-honda-civic-fd2-type-r-hot-wheels-jbk53-fpy86_1.jpg?v=1759833234&width=1946"
        ],
        "description": "Đồ Chơi Mô Hình Siêu Xe Sang Trọng Honda Civic FD2 Type-R HOT WHEELS JBK53/FPY86\nSiêu xe Hot Wheels sang trọng Honda Civic FD2 Type-R có các đặc điểm nổi bật sau:- Xe làm từ chất liệu nhựa và kim loại cao cấp, an toàn tuyệt đối cho sức khỏe.- Màu sắc cuốn hút, mạnh mẽ, thu hút ánh nhìn và kích thích trí tưởng tượng của các bé, giúp bé dễ dàng phân biệt và học hỏi về các phương tiện giao thông trong đời sống.- Kích thước xe nhỏ gọn, theo tỉ lệ 1:64, phù hợp với tầm tay của các bé yêu hoặc sưu tầm.- Từ đường nét chi tiết, nước sơn đến mẫu thiết kế trên xe đều rất tinh xảo, giúp bé tận hưởng những giây phút giải trí tuyệt vời nhất.- Áp dụng công nghệ sản xuất xe mô hình hàng đầu thế giới, xe mô hình Hot Wheels chạy xa với tốc độ cao, tạo cảm giác phấn khích cho người sưu tập và trẻ em khi chơi.",
        "information": {
            "Chủ đề": "HOT WHEELS DIECAST PREMIUM",
            "Xuất xứ": "Thái Lan",
            "Mã VT": "JBK53/FPY86",
            "Tuổi": "3 tuổi trở lên",
            "Thương hiệu": "HOT WHEELS",
            "Xuất xứ thương hiệu": "MATTEL",
            "Giới tính": "Unisex"
        }
    }
]